{
"lengthUnit": "mil",
"components": {
	"fields": ["COMPONENT_NO", "COMPONENT_NAME", "LAYER", "X_COORDINATE", "Y_COORDINATE", "ANGLE"],
	"rows": [
		[1, "C1", "T", 770, 801, 90],
		[2, "C2", "T", 1232, 850, 0],
		[3, "C3", "T", 830, 456, 90],
		[4, "C4", "T", 1092, 456, 90],
		[5, "C5", "T", 518, 223, 90],
		[6, "C6", "T", 457, 223, 90],
		[7, "C7", "T", 606, 635, 90],
		[8, "C8", "T", 530, 635, 90],
		[9, "C9", "T", 415, 540, 90],
		[10, "C10", "T", 705, 255, 90],
		[11, "CN1", "T", 198.4, 167, 0],
		[12, "CN2", "T", 157, 490, 270],
		[13, "CN3", "T", 198.4, 813, 180],
		[14, "FB1", "T", 415, 382, 90],
		[15, "FB2", "T", 620, 205, 90],
		[16, "J1", "T", 1000, 239.5, 270],
		[17, "J2", "T", 1195, 189.5, 270],
		[18, "J3", "T", 1395, 189.5, 270],
		[19, "J4", "T", 1395, 789.5, 90],
		[20, "R1", "T", 540, 780, 180],
		[21, "R2", "T", 667.04, 484.3, 90],
		[22, "U1", "T", 1000, 720, 0],
		[23, "U2", "T", 552.88, 426.83, 180],
		[24, "X1", "T", 960, 448.4, 0]
	]
},
"pins": {
	"fields": ["PIN_NO", "PIN_NAME", "PIN_X", "PIN_Y", "LAYER", "PIN_TYPE", "NET_NAME", "NET_TYPE", "PAD_SHAPE", "PAD_SIZEX", "PAD_SIZEY", "HOLE_SIZE", "PAD_ANGLE"],
	"rows": [
		[1, "C1_1", 770, 773.44, "T", "SMD", "GND", "GND", "R", 31.5, 35.43, 0, 90],
		[2, "C1_2", 770, 828.56, "T", "SMD", "VCC", "", "R", 31.5, 35.43, 0, 90],
		[3, "C2_1", 1204.44, 850, "T", "SMD", "VCC", "", "R", 31.5, 35.43, 0, 0],
		[4, "C2_2", 1259.56, 850, "T", "SMD", "GND", "GND", "R", 31.5, 35.43, 0, 0],
		[5, "C3_1", 830, 428.44, "T", "SMD", "GND", "GND", "R", 31.5, 35.43, 0, 90],
		[6, "C3_2", 830, 483.56, "T", "SMD", "$1N12103", "", "R", 31.5, 35.43, 0, 90],
		[7, "C4_1", 1092, 428.44, "T", "SMD", "GND", "GND", "R", 31.5, 35.43, 0, 90],
		[8, "C4_2", 1092, 483.56, "T", "SMD", "$1N12057", "", "R", 31.5, 35.43, 0, 90],
		[9, "C5_1", 518, 195.44, "T", "SMD", "GND", "GND", "R", 31.5, 35.43, 0, 90],
		[10, "C5_2", 518, 250.56, "T", "SMD", "VCC", "", "R", 31.5, 35.43, 0, 90],
		[11, "C6_1", 457, 195.44, "T", "SMD", "GND", "GND", "R", 31.5, 35.43, 0, 90],
		[12, "C6_2", 457, 250.56, "T", "SMD", "VCC", "", "R", 31.5, 35.43, 0, 90],
		[13, "C7_1", 606, 607.44, "T", "SMD", "$1N14817", "", "R", 31.5, 35.43, 0, 90],
		[14, "C7_2", 606, 662.56, "T", "SMD", "$1N14812", "", "R", 31.5, 35.43, 0, 90],
		[15, "C8_1", 530, 607.44, "T", "SMD", "$1N14822", "", "R", 31.5, 35.43, 0, 90],
		[16, "C8_2", 530, 662.56, "T", "SMD", "GND", "GND", "R", 31.5, 35.43, 0, 90],
		[17, "C9_1", 415, 500.63, "T", "SMD", "$1N15300", "", "R", 55.51, 53.15, 0, 90],
		[18, "C9_2", 415, 579.37, "T", "SMD", "GND", "GND", "R", 55.51, 53.15, 0, 90],
		[19, "C10_1", 705, 215.63, "T", "SMD", "$1N15357", "", "R", 55.51, 53.15, 0, 90],
		[20, "C10_2", 705, 294.37, "T", "SMD", "GND", "GND", "R", 55.51, 53.15, 0, 90],
		[21, "CN1_1", 99.98, 167, "T", "DIP", "$1N15357", "", "C", 70.87, 70.87, 50, 0],
		[22, "CN1_1", 99.98, 167, "B", "DIP", "$1N15357", "", "C", 70.87, 70.87, 50, 0],
		[23, "CN1_2", 296.83, 167, "T", "DIP", "$1N15300", "", "C", 70.87, 70.87, 50, 0],
		[24, "CN1_2", 296.83, 167, "B", "DIP", "$1N15300", "", "C", 70.87, 70.87, 50, 0],
		[25, "CN2_1", 157, 588.42, "T", "DIP", "$1N15357", "", "C", 70.87, 70.87, 50, 270],
		[26, "CN2_1", 157, 588.42, "B", "DIP", "$1N15357", "", "C", 70.87, 70.87, 50, 270],
		[27, "CN2_2", 157, 391.57, "T", "DIP", "$1N15300", "", "C", 70.87, 70.87, 50, 270],
		[28, "CN2_2", 157, 391.57, "B", "DIP", "$1N15300", "", "C", 70.87, 70.87, 50, 270],
		[29, "CN3_1", 296.83, 813, "T", "DIP", "$1N15357", "", "C", 70.87, 70.87, 50, 180],
		[30, "CN3_1", 296.83, 813, "B", "DIP", "$1N15357", "", "C", 70.87, 70.87, 50, 180],
		[31, "CN3_2", 99.98, 813, "T", "DIP", "$1N15300", "", "C", 70.87, 70.87, 50, 180],
		[32, "CN3_2", 99.98, 813, "B", "DIP", "$1N15300", "", "C", 70.87, 70.87, 50, 180],
		[33, "FB1_1", 415, 343.96, "T", "SMD", "$1N15304", "", "R", 44.59, 54.21, 0, 90],
		[34, "FB1_2", 415, 420.04, "T", "SMD", "$1N15300", "", "R", 44.59, 54.21, 0, 90],
		[35, "FB2_1", 620, 166.96, "T", "SMD", "$1N15357", "", "R", 44.59, 54.21, 0, 90],
		[36, "FB2_2", 620, 243.04, "T", "SMD", "$1N15343", "", "R", 44.59, 54.21, 0, 90],
		[37, "J1_1", 1000, 289.5, "T", "DIP", "GND", "GND", "R", 70.9, 70.9, 38, 270],
		[38, "J1_1", 1000, 289.5, "B", "DIP", "GND", "GND", "R", 70.9, 70.9, 38, 270],
		[39, "J1_2", 1000, 189.5, "T", "DIP", "PROTO", "", "C", 70.9, 70.9, 38, 270],
		[40, "J1_2", 1000, 189.5, "B", "DIP", "PROTO", "", "C", 70.9, 70.9, 38, 270],
		[41, "J2_1", 1139, 289.5, "T", "DIP", "SDA", "", "R", 70.87, 70.87, 38, 270],
		[42, "J2_1", 1139, 289.5, "B", "DIP", "SDA", "", "R", 70.87, 70.87, 38, 270],
		[43, "J2_2", 1239, 289.5, "T", "DIP", "SOUT", "", "C", 70.87, 70.87, 38, 270],
		[44, "J2_2", 1239, 289.5, "B", "DIP", "SOUT", "", "C", 70.87, 70.87, 38, 270],
		[45, "J2_3", 1155, 189.5, "T", "DIP", "CLK", "", "C", 70.87, 70.87, 38, 270],
		[46, "J2_3", 1155, 189.5, "B", "DIP", "CLK", "", "C", 70.87, 70.87, 38, 270],
		[47, "J2_4", 1255, 189.5, "T", "DIP", "CLK", "", "C", 70.87, 70.87, 38, 270],
		[48, "J2_4", 1255, 189.5, "B", "DIP", "CLK", "", "C", 70.87, 70.87, 38, 270],
		[49, "J2_5", 1139, 89.5, "T", "DIP", "SS", "", "C", 70.87, 70.87, 38, 270],
		[50, "J2_5", 1139, 89.5, "B", "DIP", "SS", "", "C", 70.87, 70.87, 38, 270],
		[51, "J2_6", 1239, 89.5, "T", "DIP", "POUT", "", "C", 70.87, 70.87, 38, 270],
		[52, "J2_6", 1239, 89.5, "B", "DIP", "POUT", "", "C", 70.87, 70.87, 38, 270],
		[53, "J3_1", 1339, 289.5, "T", "DIP", "MISO", "", "R", 70.87, 70.87, 38, 270],
		[54, "J3_1", 1339, 289.5, "B", "DIP", "MISO", "", "R", 70.87, 70.87, 38, 270],
		[55, "J3_2", 1439, 289.5, "T", "DIP", "VCC", "", "C", 70.87, 70.87, 38, 270],
		[56, "J3_2", 1439, 289.5, "B", "DIP", "VCC", "", "C", 70.87, 70.87, 38, 270],
		[57, "J3_3", 1355, 189.5, "T", "DIP", "SCK", "", "C", 70.87, 70.87, 38, 270],
		[58, "J3_3", 1355, 189.5, "B", "DIP", "SCK", "", "C", 70.87, 70.87, 38, 270],
		[59, "J3_4", 1455, 189.5, "T", "DIP", "MOSI", "", "C", 70.87, 70.87, 38, 270],
		[60, "J3_4", 1455, 189.5, "B", "DIP", "MOSI", "", "C", 70.87, 70.87, 38, 270],
		[61, "J3_5", 1339, 89.5, "T", "DIP", "J3_5", "", "C", 70.87, 70.87, 38, 270],
		[62, "J3_5", 1339, 89.5, "B", "DIP", "J3_5", "", "C", 70.87, 70.87, 38, 270],
		[63, "J3_6", 1439, 89.5, "T", "DIP", "GND", "GND", "C", 70.87, 70.87, 38, 270],
		[64, "J3_6", 1439, 89.5, "B", "DIP", "GND", "GND", "C", 70.87, 70.87, 38, 270],
		[65, "J4_1", 1439, 689.5, "T", "DIP", "MISO", "", "R", 70.87, 70.87, 38, 90],
		[66, "J4_1", 1439, 689.5, "B", "DIP", "MISO", "", "R", 70.87, 70.87, 38, 90],
		[67, "J4_2", 1339, 689.5, "T", "DIP", "VCC", "", "C", 70.87, 70.87, 38, 90],
		[68, "J4_2", 1339, 689.5, "B", "DIP", "VCC", "", "C", 70.87, 70.87, 38, 90],
		[69, "J4_3", 1455, 789.5, "T", "DIP", "SCK", "", "C", 70.87, 70.87, 38, 90],
		[70, "J4_3", 1455, 789.5, "B", "DIP", "SCK", "", "C", 70.87, 70.87, 38, 90],
		[71, "J4_4", 1355, 789.5, "T", "DIP", "MOSI", "", "C", 70.87, 70.87, 38, 90],
		[72, "J4_4", 1355, 789.5, "B", "DIP", "MOSI", "", "C", 70.87, 70.87, 38, 90],
		[73, "J4_5", 1439, 889.5, "T", "DIP", "J4_5", "", "C", 70.87, 70.87, 38, 90],
		[74, "J4_5", 1439, 889.5, "B", "DIP", "J4_5", "", "C", 70.87, 70.87, 38, 90],
		[75, "J4_6", 1339, 889.5, "T", "DIP", "GND", "GND", "C", 70.87, 70.87, 38, 90],
		[76, "J4_6", 1339, 889.5, "B", "DIP", "GND", "GND", "C", 70.87, 70.87, 38, 90],
		[77, "R1_1", 476.03, 819.37, "T", "SMD", "GND", "GND", "R", 47.24, 47.24, 0, 270],
		[78, "R1_2", 603.97, 780, "T", "SMD", "$1N14812", "", "R", 62.99, 59.05, 0, 270],
		[79, "R1_3", 476.02, 740.63, "T", "SMD", "VOUT", "", "R", 47.24, 47.24, 0, 270],
		[80, "R2_1", 667.04, 456.74, "T", "SMD", "GND", "GND", "R", 31.5, 35.43, 0, 90],
		[81, "R2_2", 667.04, 511.86, "T", "SMD", "AMPEN", "", "R", 31.5, 35.43, 0, 90],
		[82, "U1_1", 850, 610.98, "T", "SMD", "GND", "GND", "O", 22.6, 80.24, 0, 0],
		[83, "U1_2", 900, 610.98, "T", "SMD", "PROTO", "", "O", 22.6, 80.24, 0, 0],
		[84, "U1_3", 950, 610.98, "T", "SMD", "SS", "", "O", 22.6, 80.24, 0, 0],
		[85, "U1_4", 1000, 610.98, "T", "SMD", "$1N12103", "", "O", 22.6, 80.24, 0, 0],
		[86, "U1_5", 1050, 610.98, "T", "SMD", "$1N12057", "", "O", 22.6, 80.24, 0, 0],
		[87, "U1_6", 1100, 610.98, "T", "SMD", "MOSI", "", "O", 22.6, 80.24, 0, 0],
		[88, "U1_7", 1150, 610.98, "T", "SMD", "SDA", "", "O", 22.6, 80.24, 0, 0],
		[89, "U1_8", 1150, 829.02, "T", "SMD", "CLK", "", "O", 22.6, 80.24, 0, 0],
		[90, "U1_9", 1100, 829.02, "T", "SMD", "VCC", "", "O", 22.6, 80.24, 0, 0],
		[91, "U1_10", 1050, 829.02, "T", "SMD", "SOUT", "", "O", 22.6, 80.24, 0, 0],
		[92, "U1_11", 1000, 829.02, "T", "SMD", "POUT", "", "O", 22.6, 80.24, 0, 0],
		[93, "U1_12", 950, 829.02, "T", "SMD", "VOUT", "", "O", 22.6, 80.24, 0, 0],
		[94, "U1_13", 900, 829.02, "T", "SMD", "AMPEN", "", "O", 22.6, 80.24, 0, 0],
		[95, "U1_14", 850, 829.02, "T", "SMD", "VCC", "", "O", 22.6, 80.24, 0, 0],
		[96, "U2_1", 591.27, 511.32, "T", "SMD", "AMPEN", "", "O", 14.33, 66.61, 0, 180],
		[97, "U2_2", 565.67, 511.32, "T", "SMD", "U2_2", "", "O", 14.33, 66.61, 0, 180],
		[98, "U2_3", 540.08, 511.32, "T", "SMD", "$1N14817", "", "O", 14.33, 66.61, 0, 180],
		[99, "U2_4", 514.49, 511.32, "T", "SMD", "$1N14822", "", "O", 14.33, 66.61, 0, 180],
		[100, "U2_5", 514.49, 342.34, "T", "SMD", "$1N15304", "", "O", 14.33, 66.61, 0, 180],
		[101, "U2_6", 540.08, 342.34, "T", "SMD", "VCC", "", "O", 14.33, 66.61, 0, 180],
		[102, "U2_7", 565.67, 342.34, "T", "SMD", "GND", "GND", "O", 14.33, 66.61, 0, 180],
		[103, "U2_8", 591.27, 342.34, "T", "SMD", "$1N15343", "", "O", 14.33, 66.61, 0, 180],
		[104, "X1_1", 916.69, 414.93, "T", "SMD", "$1N12103", "", "R", 55.12, 47.24, 0, 0],
		[105, "X1_2", 1003.31, 414.93, "T", "SMD", "GND", "GND", "R", 55.12, 47.24, 0, 0],
		[106, "X1_3", 1003.31, 481.86, "T", "SMD", "$1N12057", "", "R", 55.12, 47.24, 0, 0],
		[107, "X1_4", 916.69, 481.86, "T", "SMD", "GND", "GND", "R", 55.12, 47.24, 0, 0]
	]
}
}